{
  "results": [
    {
      "command": "ts-node pipeline-ramda.ts 10",
      "mean": 3.3317050044000007,
      "stddev": 0.10736382590095679,
      "median": 3.3184625079,
      "user": 4.024795513333333,
      "system": 0.14602783333333327,
      "min": 3.1930994894,
      "max": 3.8951054414,
      "times": [
        3.3181153154,
        3.2278137474,
        3.2821550044000003,
        3.3786442254,
        3.3341751814,
        3.2714916914,
        3.3734424074000002,
        3.3207144924,
        3.2632684394,
        3.4489467074,
        3.3188097004,
        3.2663967864,
        3.3108603734,
        3.4019687464,
        3.3400263854000003,
        3.2721657754,
        3.2504244454,
        3.1930994894,
        3.4403831904,
        3.3917456184,
        3.5572497214000003,
        3.2471018014,
        3.2754276824,
        3.3622847144000003,
        3.3439487474000003,
        3.4027494664,
        3.2109584874,
        3.2672104454,
        3.3165064914,
        3.8951054414,
        3.3372574234,
        3.1956127714,
        3.3233935884,
        3.2949275464000003,
        3.2887583384,
        3.4108810844,
        3.4145651994,
        3.3367172014,
        3.2975171474000002,
        3.3773786904,
        3.2809430064000003,
        3.5351932094,
        3.3456275984,
        3.2369929274,
        3.2567492764,
        3.3033449414000002,
        3.5289640614,
        3.3335509054,
        3.3391301974000003,
        3.3610272464,
        3.3150488524000004,
        3.3217504684000003,
        3.2499437444000003,
        3.2908948864000003,
        3.2149946244,
        3.3333546754000003,
        3.2659422334,
        3.3500012874,
        3.2243091254,
        3.2543372834
      ],
      "exit_codes": [
        0,
        0,
        0,
        0,
        0,
        0,
        0,
        0,
        0,
        0,
        0,
        0,
        0,
        0,
        0,
        0,
        0,
        0,
        0,
        0,
        0,
        0,
        0,
        0,
        0,
        0,
        0,
        0,
        0,
        0,
        0,
        0,
        0,
        0,
        0,
        0,
        0,
        0,
        0,
        0,
        0,
        0,
        0,
        0,
        0,
        0,
        0,
        0,
        0,
        0,
        0,
        0,
        0,
        0,
        0,
        0,
        0,
        0,
        0,
        0
      ]
    },
    {
      "command": "ts-node pipeline-iteractive.ts 10",
      "mean": 2.8653561747166667,
      "stddev": 0.09488008683496071,
      "median": 2.8395211754000003,
      "user": 2.979598196666665,
      "system": 0.12749561666666667,
      "min": 2.7556255234,
      "max": 3.3834577224,
      "times": [
        2.8383879924000004,
        2.9052474414000002,
        2.7882721544000004,
        2.8072165414000003,
        2.8949044534,
        2.8060332214,
        3.0854200384,
        2.9198334314000003,
        2.9019901244,
        2.7556255234,
        2.9107611864000003,
        2.8406543584,
        2.8310322634,
        2.7698867044,
        2.9799428174000004,
        2.8060710704000003,
        2.7743271924000004,
        2.8205176204000004,
        2.8348601814000003,
        2.8408151064,
        2.8195005674,
        2.8308931774,
        2.8320041354,
        2.8014081334000003,
        2.8302078324,
        2.8013889724000003,
        2.8633387824,
        2.9884755944,
        2.8770578864000003,
        2.9875508694,
        2.8440834234000003,
        2.8792599464000004,
        2.7954458374,
        2.8559928414,
        2.7960831054,
        2.8573296204000003,
        3.3834577224,
        2.8327259254,
        2.8619602494,
        2.8916411754,
        3.0480548214,
        2.9141680184000003,
        2.9766251294000003,
        2.8076395294000003,
        2.8255113694,
        2.8976692714000003,
        2.8337274884,
        2.8996451774,
        2.8776795794,
        2.8728798944,
        2.8418666314000003,
        2.8090209204,
        2.8651789424,
        2.7994492674,
        2.8331593274,
        2.7889636134,
        2.8104855114,
        2.8271156124,
        2.8757781174000003,
        2.7751470394
      ],
      "exit_codes": [
        0,
        0,
        0,
        0,
        0,
        0,
        0,
        0,
        0,
        0,
        0,
        0,
        0,
        0,
        0,
        0,
        0,
        0,
        0,
        0,
        0,
        0,
        0,
        0,
        0,
        0,
        0,
        0,
        0,
        0,
        0,
        0,
        0,
        0,
        0,
        0,
        0,
        0,
        0,
        0,
        0,
        0,
        0,
        0,
        0,
        0,
        0,
        0,
        0,
        0,
        0,
        0,
        0,
        0,
        0,
        0,
        0,
        0,
        0,
        0
      ]
    },
    {
      "command": "ts-node pipeline-recursive.ts 10",
      "mean": 2.919407248650001,
      "stddev": 0.2855315361107943,
      "median": 2.8393564394,
      "user": 2.99921403,
      "system": 0.1167208166666667,
      "min": 2.7530649764,
      "max": 4.570705401400001,
      "times": [
        2.8652655874,
        2.8199581544,
        2.7992952124,
        4.570705401400001,
        2.7919928544,
        2.8530033454000003,
        2.8542298404000004,
        2.8948709174,
        2.7887568934,
        3.4737242344,
        2.8450115834000003,
        2.9524233464000003,
        2.8239201264,
        2.8902534124,
        3.0178173934,
        2.7997615404,
        2.9123796864,
        2.8975510254000003,
        3.0326295954,
        2.9376920414,
        2.8291254234000003,
        2.8478037864,
        2.8308365244,
        2.8525104844,
        2.8402305994,
        2.8260286384000004,
        2.9099642064,
        2.8606087674,
        2.8035759184,
        2.7904810984,
        2.9994791394,
        4.0695507034,
        2.8078948944000004,
        2.8078831764000003,
        3.0819599584,
        2.8339258734,
        2.7925746834000003,
        2.8334424314,
        2.8980171694,
        2.8716153944,
        2.8093597604,
        2.9726349074000002,
        2.8004118014,
        2.8382878004000003,
        2.8225701874,
        2.7993312704,
        2.7988910454,
        2.8970957064,
        2.7530649764,
        2.8087585444000003,
        2.9351351544,
        2.9057453554,
        2.8276580024,
        2.9171099184,
        2.8269157094,
        2.8384822794,
        2.8365594974,
        2.9214753914,
        2.8222870674,
        2.8239094804000002
      ],
      "exit_codes": [
        0,
        0,
        0,
        0,
        0,
        0,
        0,
        0,
        0,
        0,
        0,
        0,
        0,
        0,
        0,
        0,
        0,
        0,
        0,
        0,
        0,
        0,
        0,
        0,
        0,
        0,
        0,
        0,
        0,
        0,
        0,
        0,
        0,
        0,
        0,
        0,
        0,
        0,
        0,
        0,
        0,
        0,
        0,
        0,
        0,
        0,
        0,
        0,
        0,
        0,
        0,
        0,
        0,
        0,
        0,
        0,
        0,
        0,
        0,
        0
      ]
    }
  ]
}
